Customer_ID,Signup_Date,Gender,Age,Annual_Income,Credit_Score,Customer_Segment,Activity_Score
CUST-1000,2022-10-17,Female,44,130561.62,755,Premium,53.6
CUST-1001,2022-10-17,Female,36,104586.79,463,Premium,53.2
CUST-1002,2022-10-17,Male,46,37643.2,837,Standard,54.7
CUST-1003,2021-05-23,Male,56,34059.11,670,VIP,52.1
CUST-1004,2021-05-23,Male,35,112940.64,763,Standard,50.2
CUST-1005,2021-05-23,Female,35,78220.02,602,Standard,51.1
CUST-1006,2021-05-23,Male,57,110332.67,726,Premium,54.1
CUST-1007,2022-03-09,Male,47,52970.28,601,Standard,54.8
CUST-1008,2021-01-31,Female,32,43525.88,681,Premium,54.2
CUST-1009,2021-01-31,Male,45,86157.89,824,Standard,54.2
CUST-1010,2021-01-31,Female,39,88774.98,666,Standard,51.7
CUST-1011,2021-01-31,Male,32,29086.57,696,Standard,52.9
CUST-1013,2021-01-31,Male,35,109201.63,717,Standard,53.7
CUST-1014,2021-01-31,Female,35,36286.91,691,Standard,52.8
CUST-1015,2021-10-12,Male,31,86157.89,707,Standard,53.3
CUST-1016,2021-10-12,Male,26,38451.74,681,Standard,52.5
CUST-1017,2021-10-12,Male,42,40074.58,676,Standard,52.3
CUST-1018,2021-10-12,Female,39,131075.71,695,Standard,56.5
CUST-1019,2021-10-12,Male,21,72778.36,681,VIP,56.0
CUST-1020,2021-10-12,Male,56,103064.41,763,VIP,55.3
CUST-1021,2021-04-15,Female,35,36004.16,769,Standard,54.0
CUST-1022,2022-01-25,Male,39,99407.35,728,Standard,55.5
CUST-1023,2022-01-25,Female,21,79491.63,594,Standard,55.1
CUST-1024,2022-01-25,Male,31,101485.36,803,Standard,53.8
CUST-1025,2022-01-25,Male,39,205807.2275,594,Premium,53.8
CUST-1026,2023-04-07,Male,24,135627.61,703,Standard,59.3
CUST-1027,2023-04-07,Male,43,128615.62,623,Premium,58.1
CUST-1028,2022-07-04,Female,31,132901.37,675,VIP,54.4
CUST-1029,2022-07-04,Male,34,116036.14,705,Premium,56.4
CUST-1030,2022-07-04,Male,31,69129.67,704,Standard,55.0
CUST-1031,2022-07-04,Male,60,64796.93,712,Premium,56.6
CUST-1032,2022-07-04,Male,38,56991.01,801,Standard,52.7
CUST-1033,2022-07-04,Male,39,57035.54,714,Standard,54.5
CUST-1034,2022-12-23,Male,48,119139.45,662,Premium,52.0
CUST-1035,2022-12-23,Female,23,127203.38,752,Standard,53.5
CUST-1036,2022-12-23,Male,41,52037.15,769,Standard,53.5
CUST-1037,2022-12-23,Male,35,115497.71,588,Premium,51.6
CUST-1038,2023-06-07,Male,22,103601.86,725,Premium,50.8
CUST-1039,2023-06-07,Female,40,85901.86,733,Premium,52.2
CUST-1040,2023-06-07,Female,47,56206.57,681,Standard,52.4
CUST-1041,2023-06-07,Female,40,89809.52,783,Standard,53.6
CUST-1042,2023-06-07,Male,37,143465.26,669,Premium,57.5
CUST-1043,2023-06-07,Female,34,43442.0,689,VIP,54.4
CUST-1044,2022-12-20,Female,39,70753.26,667,VIP,57.6
CUST-1046,2022-12-20,Female,32,29952.66,598,VIP,56.0
CUST-1047,2022-12-20,Male,51,29613.83,572,Premium,56.0
CUST-1048,2022-12-20,Female,42,32659.74,800,Premium,53.0
CUST-1049,2022-12-20,Female,35,138995.56,616,Premium,54.8
CUST-1050,2022-12-20,Male,42,87273.44,606,Standard,54.8
CUST-1051,2022-12-20,Male,33,77558.3,518,Standard,57.6
CUST-1052,2023-05-14,Female,30,37644.05,632,Standard,54.7
CUST-1053,2021-08-23,Female,45,60463.73,581,Premium,54.7
CUST-1054,2021-08-23,Male,50,37245.52,803,Standard,52.2
CUST-1055,2021-08-23,Male,49,141994.67,756,Premium,52.9
CUST-1056,2021-08-23,Male,28,90757.65,628,Standard,54.7
CUST-1057,2021-08-23,Female,34,96613.15,849,Standard,53.8
CUST-1058,2021-08-23,Male,42,64289.83,754,Standard,48.6
CUST-1059,2021-08-23,Female,50,113405.13,656,Standard,49.0
CUST-1060,2021-08-23,Male,32,86157.89,493,VIP,49.9
CUST-1061,2021-08-23,Male,36,34775.0,681,Standard,50.7
CUST-1062,2021-08-23,Male,25,136181.45,576,Premium,53.2
CUST-1063,2021-08-23,Male,24,81044.51,557,Premium,51.0
CUST-1064,2021-08-23,Male,48,64186.94,757,Premium,52.4
CUST-1065,2021-08-23,Male,54,41974.83,681,Premium,54.8
CUST-1066,2021-08-23,Male,37,110075.45,784,Standard,51.2
CUST-1067,2021-08-23,Male,50,86080.31,722,Standard,51.9
CUST-1068,2021-08-23,Male,42,89191.63,725,Standard,50.8
CUST-1069,2021-08-23,Male,30,47534.67,744,Standard,50.7
CUST-1070,2021-04-04,Female,42,115723.84,737,Standard,50.7
CUST-1071,2023-06-01,Male,56,113753.49,701,Premium,50.4
CUST-1072,2023-06-01,Male,38,118257.34,688,Premium,49.1
CUST-1073,2023-06-01,Female,57,67196.29,675,Premium,49.1
CUST-1074,2022-09-03,Female,35,59821.73,623,Premium,46.9
CUST-1075,2022-09-03,Male,48,58765.11,681,Standard,44.8
CUST-1076,2022-09-03,Female,39,86049.27,553,Standard,44.8
CUST-1077,2022-09-03,Female,34,34486.38,673,Standard,43.8
CUST-1078,2022-09-03,Male,39,71019.47,606,Premium,45.2
CUST-1079,2022-09-03,Female,35,118479.49,597,Standard,46.1
CUST-1080,2023-06-01,Female,35,86157.89,693,Premium,42.6
CUST-1081,2022-11-28,Female,42,54723.32,784,Standard,41.3
CUST-1082,2022-11-28,Male,56,33152.44,749,Premium,43.7
CUST-1083,2022-11-28,Male,32,56612.52,562,Standard,41.7
CUST-1084,2022-11-28,Male,28,70585.25,606,Standard,40.8
CUST-1085,2022-11-28,Male,32,48938.43,751,Standard,41.7
CUST-1086,2022-11-28,Female,49,92685.18,606,Standard,43.3
CUST-1087,2022-04-10,Female,42,54268.29,663,Standard,42.8
CUST-1089,2022-04-10,Female,44,59737.18,607,VIP,44.4
CUST-1090,2022-04-10,Female,39,94869.71,688,VIP,47.9
CUST-1091,2022-06-04,Female,50,86738.79,580,VIP,49.9
CUST-1092,2022-06-04,Female,30,48983.29,635,Standard,50.0
CUST-1093,2022-06-04,Female,34,139627.29,704,Premium,48.4
CUST-1094,2022-06-04,Male,33,130607.97,561,Standard,46.8
CUST-1095,2022-06-04,Male,20,118502.72,713,Standard,47.8
CUST-1096,2022-06-04,Male,42,66294.21,679,Standard,48.6
CUST-1097,2022-06-04,Female,41,28932.39,721,VIP,51.4
CUST-1098,2023-07-30,Female,38,62116.63,697,Standard,52.7
CUST-1099,2023-07-30,Male,35,114530.39,782,Premium,49.7
CUST-1100,2023-07-30,Male,21,82279.42,689,Premium,51.8
CUST-1101,2022-05-16,Male,33,144741.09,648,VIP,51.8
CUST-1102,2022-05-16,Female,39,113698.21,689,VIP,49.1
CUST-1103,2022-05-16,Female,28,45616.27,721,Standard,49.6
CUST-1104,2021-09-03,Male,36,30797.5,684,Premium,53.6
CUST-1105,2021-09-03,Female,43,86157.89,683,Premium,59.8
CUST-1106,2023-08-28,Male,61,102405.2,627,Premium,61.0
CUST-1107,2023-08-28,Female,40,139265.86,630,Premium,60.6
CUST-1108,2023-04-16,Male,41,116794.71,575,Standard,61.7
CUST-1109,2023-04-16,Female,37,127333.7,811,VIP,63.5
CUST-1110,2023-04-16,Male,35,40162.04,681,Premium,62.8
CUST-1111,2023-04-16,Female,38,77118.45,628,Standard,66.4
CUST-1112,2023-04-16,Male,39,86157.89,626,Premium,66.9
CUST-1113,2023-04-16,Male,68,141789.43,747,Premium,67.9
CUST-1114,2023-04-16,Female,36,111263.34,658,Standard,69.2
CUST-1115,2023-04-16,Male,42,33136.33,774,Standard,70.1
CUST-1116,2023-04-16,Male,38,132982.63,629,Standard,71.7
CUST-1117,2023-04-16,Male,24,109999.09,701,VIP,70.5
CUST-1118,2023-04-16,Female,52,81639.59,617,VIP,69.4
CUST-1119,2023-04-16,Male,47,95950.16,841,Standard,67.2
CUST-1121,2022-04-08,Male,27,36755.17,703,Standard,69.6
CUST-1122,2022-04-08,Male,55,78893.0,728,Standard,70.5
CUST-1123,2022-04-08,Female,21,55702.29,711,Standard,73.9
CUST-1124,2022-04-08,Male,45,127556.9,666,Premium,73.9
CUST-1125,2022-04-08,Female,64,109984.9,670,VIP,75.2
CUST-1126,2022-04-08,Female,26,65212.75,683,Standard,73.0
CUST-1127,2021-01-08,Female,31,55332.51,669,Standard,72.3
CUST-1128,2022-12-26,Female,39,43925.09,752,VIP,73.6
CUST-1129,2021-08-23,Male,32,46183.03,846,Premium,73.6
CUST-1130,2023-07-17,Female,19,80599.31,681,Standard,74.8
CUST-1131,2023-07-17,Female,39,75561.97,577,Standard,74.6
CUST-1132,2023-07-17,Female,25,140862.26,673,Standard,71.6
CUST-1133,2023-07-17,Female,44,80874.3,681,VIP,70.9
CUST-1134,2023-07-17,Male,27,59005.93,620,Premium,72.6
CUST-1135,2023-07-17,Male,57,38579.24,803,VIP,73.8
CUST-1136,2023-07-17,Female,29,124687.24,806,Standard,74.8
CUST-1137,2023-07-17,Male,34,53157.43,638,Premium,74.9
CUST-1138,2023-07-17,Female,48,45353.88,723,Standard,74.9
CUST-1139,2023-07-17,Female,23,141302.8,802,Standard,73.6
CUST-1140,2023-07-17,Male,41,88074.78,652,Standard,75.0
CUST-1141,2021-07-14,Male,54,58439.51,665,Premium,75.8
CUST-1142,2021-07-14,Male,19,31636.6,636,VIP,76.8
CUST-1143,2021-07-14,Female,40,127988.35,604,Standard,76.8
CUST-1144,2021-07-14,Male,41,39082.86,631,Standard,71.4
CUST-1145,2023-06-04,Female,47,122055.92,588,Standard,73.6
CUST-1146,2022-11-21,Female,23,42210.03,683,Standard,72.7
CUST-1147,2022-11-21,Male,22,125153.56,622,Standard,71.0
CUST-1148,2022-11-21,Female,44,43293.68,698,VIP,72.3
CUST-1149,2023-03-31,Female,42,71552.05,563,VIP,71.6
CUST-1150,2023-03-31,Female,41,96131.88,705,VIP,71.6
CUST-1151,2023-03-31,Male,42,135339.14,743,Standard,74.9
CUST-1152,2023-03-31,Female,30,30550.62,530,Standard,76.3
CUST-1153,2023-03-31,Female,41,51136.79,708,Premium,73.6
CUST-1154,2023-03-31,Male,42,122687.94,772,Premium,73.6
CUST-1155,2021-09-13,Female,39,133894.12,589,Standard,76.5
CUST-1156,2021-09-13,Male,60,42335.74,805,Premium,75.8
CUST-1157,2021-04-11,Female,44,33924.61,711,Standard,76.0
CUST-1158,2021-04-11,Male,24,124137.19,627,Premium,72.5
CUST-1159,2023-05-07,Female,46,86046.79,676,Premium,73.3
CUST-1160,2023-09-20,Female,26,107935.91,722,Standard,71.3
CUST-1161,2023-09-20,Male,47,69411.36,686,Premium,68.5
CUST-1162,2023-09-20,Male,52,60172.87,720,Premium,65.5
CUST-1163,2023-09-20,Female,28,131360.58,611,Standard,67.7
CUST-1164,2023-09-20,Female,50,99850.47,693,Premium,66.5
CUST-1165,2023-07-14,Male,43,103731.57,574,Standard,69.5
CUST-1166,2023-07-14,Female,48,76203.09,672,Premium,68.5
CUST-1167,2023-07-14,Female,61,35134.55,612,Standard,65.1
CUST-1168,2023-07-14,Female,35,72812.79,625,Standard,62.8
CUST-1169,2023-07-14,Male,29,51336.56,773,Standard,65.3
CUST-1170,2023-07-14,Male,27,101798.26,762,VIP,65.0
CUST-1171,2023-07-14,Female,28,143760.22,726,VIP,63.9
CUST-1172,2023-07-14,Male,37,84123.08,598,Standard,64.2
CUST-1173,2023-07-14,Male,42,68251.99,656,Standard,65.2
CUST-1174,2023-09-19,Female,41,73440.61,771,Premium,67.4
CUST-1175,2023-09-19,Male,48,31049.37,691,Standard,70.3
CUST-1176,2023-09-19,Male,38,31428.5,681,Standard,69.6
CUST-1177,2021-02-28,Male,55,34855.17,709,Premium,67.0
CUST-1178,2021-02-28,Male,35,89943.58,694,VIP,66.1
CUST-1179,2021-02-28,Male,71,141955.64,657,Standard,66.7
CUST-1180,2021-06-11,Female,39,56999.28,690,Standard,64.7
CUST-1181,2021-06-11,Male,28,59183.66,669,VIP,62.8
CUST-1182,2021-06-11,Female,25,117393.82,733,VIP,63.5
CUST-1183,2021-06-11,Male,44,95355.98,752,Standard,63.4
CUST-1184,2021-06-11,Male,35,69512.14,621,Premium,63.5
CUST-1185,2022-02-18,Female,47,48603.74,580,Standard,62.0
CUST-1186,2022-02-18,Female,44,122326.6,542,Standard,61.5
CUST-1187,2022-02-18,Male,37,134935.66,718,Standard,59.6
CUST-1188,2022-09-01,Male,28,110303.99,597,Premium,61.4
CUST-1189,2022-09-27,Male,20,138864.37,519,Premium,63.5
CUST-1190,2022-09-27,Male,33,93883.74,709,Standard,59.8
CUST-1191,2022-09-27,Male,48,125893.53,681,Standard,57.9
CUST-1192,2022-09-27,Male,41,91428.58,680,Premium,55.0
CUST-1193,2022-09-27,Female,23,85381.06,743,Standard,53.7
CUST-1194,2022-09-27,Female,40,34571.65,686,Standard,53.7
CUST-1195,2022-09-27,Male,43,30331.57,673,Premium,50.6
CUST-1196,2022-09-27,Female,27,28079.97,749,Standard,48.7
CUST-1197,2022-09-27,Female,40,122354.11,658,VIP,46.7
CUST-1198,2023-08-10,Female,39,111881.7,700,Standard,47.2
CUST-1199,2023-08-10,Female,24,34968.05,704,Premium,47.3
CUST-1200,2023-08-10,Female,42,96633.27,630,Premium,45.8
CUST-1201,2021-04-13,Male,45,118600.88,754,Standard,46.2
CUST-1202,2021-04-13,Male,51,140385.37,667,Standard,45.1
CUST-1203,2021-04-13,Female,51,110430.95,623,Standard,44.6
CUST-1204,2021-04-13,Male,21,205807.2275,720,Standard,47.9
CUST-1205,2023-06-22,Female,27,96563.95,613,Standard,50.6
CUST-1206,2023-06-22,Female,44,63306.52,682,Standard,48.0
CUST-1207,2023-06-22,Male,44,142175.7,679,Premium,49.7
CUST-1208,2023-06-22,Male,44,120645.58,761,Premium,51.3
CUST-1209,2023-06-22,Male,35,103954.09,716,Standard,49.0
CUST-1210,2023-06-22,Male,45,110740.4,678,Standard,50.6
CUST-1211,2023-06-22,Female,52,54118.75,741,Standard,53.7
CUST-1212,2023-06-22,Male,49,72270.94,784,Standard,51.4
CUST-1213,2021-11-03,Male,46,42899.76,722,Standard,49.6
CUST-1214,2021-11-03,Female,34,139008.21,681,Standard,51.6
CUST-1215,2021-09-28,Female,39,127538.56,582,Premium,51.6
CUST-1216,2023-07-01,Female,29,49303.57,600,Premium,53.3
CUST-1217,2023-07-01,Male,35,135761.47,657,Premium,54.0
CUST-1218,2023-07-01,Male,32,102838.67,634,Premium,54.8
CUST-1219,2023-07-01,Male,39,137592.47,666,VIP,54.8
CUST-1220,2023-07-01,Male,66,66746.71,681,Premium,54.2
CUST-1221,2023-07-01,Male,35,55845.52,720,Standard,56.5
CUST-1222,2023-07-01,Male,46,47642.83,675,Standard,56.1
CUST-1223,2021-09-15,Male,19,124134.43,716,Premium,56.0
CUST-1224,2021-09-15,Male,32,80255.7,685,Standard,56.0
CUST-1225,2021-09-15,Male,51,52533.06,532,VIP,54.0
CUST-1226,2021-02-15,Female,39,69006.3,610,Premium,54.0
CUST-1227,2021-02-15,Male,25,112288.39,669,Premium,55.0
CUST-1228,2021-02-15,Male,29,73154.64,589,Premium,57.2
CUST-1229,2021-02-15,Male,46,141384.91,725,Standard,56.6
CUST-1230,2021-02-15,Male,39,85690.59,795,Standard,57.7
CUST-1231,2022-07-29,Female,41,69094.05,771,Standard,55.6
CUST-1232,2021-04-25,Female,39,39867.14,664,VIP,55.6
CUST-1233,2021-04-25,Female,30,120281.41,792,Standard,55.6
CUST-1234,2022-07-13,Female,64,47030.81,691,Standard,55.7
CUST-1235,2022-07-13,Male,46,121505.76,655,Standard,55.0
CUST-1236,2022-07-13,Male,35,62504.31,634,Standard,54.7
CUST-1237,2022-07-13,Male,40,58551.94,657,Standard,56.4
CUST-1238,2021-05-11,Female,30,36681.45,651,Premium,55.5
CUST-1239,2021-05-11,Female,48,131887.96,693,Standard,52.3
CUST-1240,2023-07-10,Male,28,113642.25,692,Standard,55.8
CUST-1241,2023-07-10,Male,37,67540.22,680,Standard,58.5
CUST-1242,2023-07-10,Female,44,110427.04,713,Premium,55.9
CUST-1243,2022-11-14,Male,48,138265.74,769,Premium,57.3
CUST-1244,2022-11-14,Male,24,99056.16,751,Premium,56.3
CUST-1245,2022-11-14,Male,34,46381.14,569,Premium,56.8
CUST-1246,2022-11-14,Female,32,66738.07,488,Standard,57.4
CUST-1247,2022-11-14,Female,30,75885.74,750,Premium,57.0
CUST-1248,2022-11-14,Female,59,105289.95,577,Standard,55.4
CUST-1249,2022-11-14,Male,43,55793.15,663,Premium,54.0
CUST-1251,2022-11-14,Male,49,45970.02,545,VIP,54.0
CUST-1252,2022-11-14,Female,63,28446.42,721,Premium,50.4
CUST-1253,2022-11-14,Male,50,62462.29,737,Standard,49.0
CUST-1254,2022-11-14,Male,20,51361.95,637,Premium,50.3
CUST-1255,2022-11-14,Female,32,52213.5,486,Standard,53.3
CUST-1256,2022-11-14,Female,53,142315.75,639,Premium,52.1
CUST-1257,2023-03-18,Female,30,126720.98,709,VIP,52.6
CUST-1258,2022-01-27,Female,43,119830.56,569,Standard,53.6
CUST-1259,2022-01-27,Female,47,85224.33,694,Standard,54.6
CUST-1260,2022-01-27,Female,27,38663.01,679,Standard,54.7
CUST-1261,2022-01-27,Female,37,49631.1,723,Standard,56.2
CUST-1262,2022-01-27,Male,35,71219.99,689,Standard,57.2
CUST-1263,2022-01-27,Male,26,33220.18,607,Premium,54.7
CUST-1264,2021-08-17,Male,35,82411.78,770,Premium,56.4
CUST-1265,2021-08-17,Male,23,125938.21,668,Standard,58.2
CUST-1266,2021-08-17,Male,58,45682.29,678,Premium,56.7
CUST-1267,2021-10-13,Male,21,38027.76,610,Standard,56.7
CUST-1268,2021-10-13,Female,33,122557.08,647,Standard,58.1
CUST-1269,2021-10-13,Female,40,141572.55,614,Standard,57.7
CUST-1270,2021-10-13,Female,55,92771.42,667,Premium,59.8
CUST-1271,2021-12-06,Female,21,123753.41,808,Standard,64.6
CUST-1272,2021-12-06,Male,52,140978.44,577,Premium,63.0
CUST-1273,2021-12-06,Female,38,95007.57,559,Premium,60.2
CUST-1274,2021-12-06,Female,26,83722.69,790,Standard,60.8
CUST-1275,2021-02-09,Female,44,74192.11,664,Standard,62.3
CUST-1276,2021-02-09,Male,40,86745.87,630,Standard,61.8
CUST-1277,2021-02-09,Male,31,42072.98,758,Standard,64.7
CUST-1278,2021-02-09,Female,39,48226.84,635,Premium,62.0
CUST-1279,2022-06-08,Female,33,141743.29,817,Standard,63.4
CUST-1280,2022-06-08,Female,39,86157.89,731,Standard,62.2
CUST-1281,2022-06-08,Female,46,42763.76,643,Standard,65.7
CUST-1282,2022-06-08,Male,57,37169.12,842,Premium,69.6
CUST-1283,2022-06-08,Female,23,51624.56,635,VIP,68.1
CUST-1284,2022-06-08,Male,64,125590.65,736,Premium,67.0
CUST-1285,2022-06-08,Female,35,65410.69,702,Standard,68.7
CUST-1286,2022-06-08,Female,36,38182.21,778,Premium,68.0
CUST-1287,2022-06-08,Male,45,92590.34,797,VIP,67.9
CUST-1288,2022-06-08,Male,41,88803.52,682,Standard,67.9
CUST-1289,2022-11-11,Male,31,120026.42,623,Standard,64.1
CUST-1290,2022-11-11,Male,36,41164.7,714,Standard,64.1
CUST-1291,2022-11-11,Male,32,45339.37,629,Standard,62.7
CUST-1292,2022-11-11,Female,31,136216.6,831,Standard,61.7
CUST-1293,2022-11-11,Female,48,119932.24,690,Standard,64.6
CUST-1294,2022-11-11,Male,42,130713.55,653,VIP,62.1
CUST-1295,2022-11-11,Female,30,72816.09,694,VIP,63.7
CUST-1296,2022-11-11,Female,49,94926.72,579,Standard,63.1
CUST-1297,2022-11-11,Female,42,32383.48,607,Premium,62.6
CUST-1298,2022-11-11,Female,48,75147.95,770,VIP,64.1
CUST-1299,2022-11-11,Female,46,32537.56,631,Standard,64.8
CUST-1300,2022-11-11,Female,28,108790.11,601,Standard,66.0
CUST-1301,2022-07-16,Male,31,115252.73,720,Premium,67.9
CUST-1302,2022-07-16,Male,47,132952.67,769,Premium,67.2
CUST-1303,2022-07-16,Female,45,67530.33,734,Premium,66.0
CUST-1304,2022-07-16,Male,38,64381.07,755,Standard,63.8
CUST-1305,2022-07-16,Female,39,128413.47,623,Premium,62.2
CUST-1306,2022-07-16,Female,53,141782.11,573,Standard,68.1
CUST-1307,2022-07-16,Female,31,43723.11,793,VIP,70.6
CUST-1308,2022-07-16,Female,45,118561.62,656,Premium,67.9
CUST-1309,2022-07-16,Female,36,59522.14,661,Standard,65.2
CUST-1310,2022-07-16,Female,35,98782.56,780,Standard,66.2
CUST-1311,2022-11-06,Male,51,49988.48,722,Premium,67.3
CUST-1312,2022-11-06,Female,48,134871.64,714,Standard,68.4
CUST-1313,2022-11-06,Female,48,114690.54,842,Standard,67.9
CUST-1314,2021-12-10,Male,54,124059.03,632,Standard,67.6
CUST-1315,2021-12-10,Male,38,35677.19,750,Standard,68.3
CUST-1316,2021-12-10,Female,46,43871.03,684,Premium,68.5
CUST-1317,2021-12-10,Female,34,48327.27,700,Standard,64.0
CUST-1318,2021-05-31,Female,42,125926.27,795,Standard,63.6
CUST-1319,2021-05-31,Female,36,31869.31,718,Premium,61.9
CUST-1320,2021-05-31,Female,39,135409.64,720,Standard,62.2
CUST-1321,2023-05-21,Female,45,60055.37,760,VIP,68.2
CUST-1322,2023-05-21,Male,28,87099.79,653,Premium,68.9
CUST-1323,2023-05-21,Female,63,107697.4,617,Standard,68.3
CUST-1324,2023-05-21,Female,26,71578.61,602,Standard,70.1
CUST-1325,2023-05-21,Female,23,48777.29,533,VIP,71.1
CUST-1326,2023-05-21,Male,52,96664.99,834,Standard,71.9
CUST-1327,2022-11-03,Female,47,68277.13,597,Premium,73.2
CUST-1328,2023-07-04,Female,45,115628.45,663,Standard,73.2
CUST-1329,2023-07-04,Female,46,61353.12,659,Standard,75.0
CUST-1330,2023-07-04,Male,38,33809.17,703,Standard,75.9
CUST-1331,2023-07-04,Male,27,128282.01,741,Standard,74.1
CUST-1332,2022-04-21,Female,39,107290.34,745,Standard,74.1
CUST-1333,2022-04-21,Male,30,104235.72,636,Standard,73.4
CUST-1334,2023-07-29,Male,50,129161.7,667,Standard,72.5
CUST-1335,2023-07-29,Female,36,83469.37,701,Standard,71.9
CUST-1336,2023-07-29,Male,28,103742.47,661,Premium,73.9
CUST-1337,2023-07-29,Female,34,54181.09,801,VIP,75.7
CUST-1338,2023-07-29,Female,43,111390.64,717,Standard,73.2
CUST-1339,2023-07-29,Female,31,77585.4,735,Standard,73.4
CUST-1340,2023-07-29,Male,28,127635.58,730,Standard,71.9
CUST-1341,2023-07-29,Female,41,57483.85,768,VIP,69.4
CUST-1342,2023-07-29,Male,41,63350.98,694,Standard,69.0
CUST-1343,2023-07-29,Female,32,96385.0,583,Standard,68.4
CUST-1344,2023-07-29,Male,32,87847.1,710,Premium,73.2
CUST-1345,2023-07-29,Male,41,93690.48,631,Standard,74.1
CUST-1346,2023-07-29,Female,21,62921.68,640,Standard,71.3
CUST-1347,2023-07-29,Male,21,84363.4,724,Standard,70.2
CUST-1348,2023-07-29,Male,29,143638.23,773,Standard,72.2
CUST-1349,2023-07-29,Female,35,128794.52,682,Standard,72.2
CUST-1350,2023-07-29,Male,42,104765.99,681,Standard,73.2
CUST-1351,2023-07-29,Male,56,50038.13,808,Standard,69.5
CUST-1352,2023-07-29,Male,48,133263.38,698,VIP,73.2
CUST-1353,2023-07-29,Male,36,105282.05,681,Standard,74.0
CUST-1354,2023-07-29,Male,38,112390.13,722,Standard,72.3
CUST-1355,2023-07-29,Female,26,144703.88,548,Standard,73.3
CUST-1356,2023-07-29,Male,38,134108.65,737,Premium,68.1
CUST-1357,2023-07-29,Female,35,73428.17,709,VIP,68.1
CUST-1358,2023-07-29,Female,42,96213.77,777,Standard,68.7
CUST-1359,2023-07-29,Male,28,68150.54,730,VIP,70.6
CUST-1360,2023-07-29,Female,44,108299.22,670,Standard,68.6
CUST-1361,2022-03-02,Female,56,134063.6,588,Premium,68.7
CUST-1362,2022-03-02,Male,37,87355.84,664,Premium,66.9
CUST-1363,2022-03-02,Female,43,126354.73,616,Standard,67.4
CUST-1364,2023-08-27,Female,46,62372.73,636,Premium,65.6
CUST-1365,2023-08-27,Male,33,42969.46,724,Premium,64.8
CUST-1366,2023-08-27,Male,41,112846.84,805,Standard,62.8
CUST-1367,2023-08-27,Male,38,138790.04,710,Standard,64.1
CUST-1368,2023-08-27,Female,39,104568.85,590,Standard,65.8
CUST-1369,2023-08-27,Female,29,69568.16,713,Standard,65.3
CUST-1370,2023-08-27,Male,38,77195.29,770,Premium,65.4
CUST-1371,2023-08-27,Female,44,71486.84,634,Premium,62.5
CUST-1372,2023-08-27,Female,55,82259.99,670,Standard,61.9
CUST-1373,2023-08-27,Male,50,83052.78,681,Standard,61.8
CUST-1374,2023-08-27,Female,64,83249.7,621,Standard,61.8
CUST-1375,2022-05-13,Male,29,86555.85,729,VIP,64.8
CUST-1376,2022-05-13,Female,48,89991.11,671,Premium,67.8
CUST-1377,2022-05-13,Female,40,34325.25,711,Standard,69.8
CUST-1378,2022-05-13,Male,64,44071.74,613,Standard,70.3
CUST-1379,2022-05-13,Female,28,68092.38,647,Standard,73.8
CUST-1380,2022-05-13,Female,28,44757.23,734,Standard,74.6
CUST-1381,2022-05-13,Male,31,119136.12,652,VIP,75.4
CUST-1382,2022-05-13,Female,35,66917.65,810,Premium,75.3
CUST-1383,2022-05-13,Female,32,64669.45,650,Premium,77.7
CUST-1384,2022-11-10,Male,29,28551.48,697,Standard,79.9
CUST-1385,2022-11-10,Male,40,52497.74,750,Standard,78.6
CUST-1386,2022-11-10,Male,42,95424.63,574,VIP,76.0
CUST-1387,2021-07-06,Female,61,85280.52,548,Standard,75.6
CUST-1388,2021-07-06,Female,49,43140.5,566,Standard,74.0
CUST-1389,2021-07-06,Male,31,102118.04,775,Standard,73.9
CUST-1390,2021-07-06,Male,27,78195.98,639,VIP,76.3
CUST-1391,2021-07-06,Female,44,72848.02,681,Standard,75.4
CUST-1392,2021-07-06,Female,22,90452.56,638,Standard,75.3
CUST-1393,2021-09-16,Female,60,139158.03,694,Standard,75.3
CUST-1394,2022-04-27,Male,52,116551.19,796,Standard,77.2
CUST-1395,2022-04-27,Female,32,30096.19,830,Premium,72.7
CUST-1396,2022-04-27,Male,35,101322.37,835,VIP,71.4
CUST-1397,2021-08-18,Female,54,54473.09,771,Premium,71.9
CUST-1398,2023-03-11,Male,37,64514.79,757,Premium,74.3
CUST-1399,2023-02-12,Female,53,72875.41,724,Standard,73.3
CUST-1400,2023-02-12,Female,19,47541.36,738,Standard,69.5
CUST-1401,2021-07-24,Female,31,62889.66,639,Standard,70.8
CUST-1402,2021-07-24,Male,38,81343.38,619,Standard,69.5
CUST-1403,2021-07-24,Male,39,78738.83,680,Premium,69.5
CUST-1404,2022-04-30,Male,33,68099.74,667,Premium,65.9
CUST-1405,2022-04-30,Female,45,70032.35,646,Standard,65.5
CUST-1406,2022-04-30,Male,25,47291.37,732,VIP,64.3
CUST-1407,2022-04-30,Female,36,30237.59,752,Premium,59.9
CUST-1408,2022-04-30,Female,39,113078.75,687,Premium,59.9
CUST-1409,2022-09-14,Male,44,52709.26,791,Standard,64.2
CUST-1410,2022-09-14,Male,47,96994.06,594,Premium,64.2
CUST-1411,2022-09-14,Male,25,42409.95,665,Premium,63.3
CUST-1412,2022-09-14,Male,20,71897.51,626,Standard,62.9
CUST-1413,2022-09-14,Male,53,118236.21,540,Standard,62.8
CUST-1414,2022-09-14,Female,42,97489.12,674,Premium,64.0
CUST-1415,2022-09-14,Male,29,105450.48,671,Premium,65.4
CUST-1416,2022-09-14,Female,57,33643.5,794,Standard,63.9
CUST-1417,2022-09-14,Male,39,76762.74,727,VIP,64.1
CUST-1418,2022-09-14,Male,52,42460.62,603,Standard,65.0
CUST-1419,2022-09-14,Male,39,83504.37,819,VIP,67.9
CUST-1420,2023-04-05,Male,63,52042.91,772,Standard,69.3
CUST-1421,2023-04-05,Male,59,63230.63,724,Standard,70.9
CUST-1422,2023-03-13,Female,35,105510.51,663,Standard,71.1
CUST-1423,2023-03-13,Female,50,100867.34,608,VIP,73.9
CUST-1424,2023-03-13,Male,46,77002.61,652,Standard,74.7
CUST-1425,2023-03-13,Male,54,87855.42,762,VIP,73.0
CUST-1426,2023-03-13,Male,26,61076.69,821,Standard,75.8
CUST-1427,2023-03-13,Female,46,86235.47,796,Standard,77.2
CUST-1428,2023-03-13,Male,51,119021.19,643,Standard,76.3
CUST-1429,2023-03-13,Male,35,69876.85,596,Standard,75.3
CUST-1430,2023-03-13,Female,24,62556.09,691,Standard,75.9
CUST-1431,2023-03-13,Female,35,92132.24,547,Premium,76.8
CUST-1432,2023-03-13,Female,35,108519.86,704,Standard,77.2
CUST-1433,2023-03-13,Female,47,66680.62,669,Standard,77.9
CUST-1434,2023-03-13,Female,56,29491.68,645,Premium,81.3
CUST-1435,2023-03-13,Female,39,134104.97,560,Standard,83.4
CUST-1436,2023-03-13,Female,58,45449.91,719,Standard,83.8
CUST-1437,2023-03-13,Male,21,119204.57,640,Premium,85.7
CUST-1438,2023-03-13,Male,18,112656.94,592,Standard,83.6
CUST-1439,2023-03-13,Female,37,133859.19,465,Premium,84.4
CUST-1440,2023-03-13,Male,43,81439.89,678,Standard,88.0
CUST-1441,2023-03-13,Male,38,58902.63,813,Standard,87.6
CUST-1442,2023-05-01,Female,35,39677.64,805,Standard,85.9
CUST-1443,2023-05-01,Male,37,130274.43,646,Premium,84.6
CUST-1444,2023-05-01,Female,22,70145.12,635,Standard,82.4
CUST-1445,2023-05-01,Female,46,77841.44,715,Standard,80.8
CUST-1446,2023-05-01,Female,42,39114.82,605,Standard,80.1
CUST-1447,2021-12-11,Female,27,29131.66,703,Standard,77.3
CUST-1448,2021-12-11,Female,32,105612.54,737,Standard,77.3
CUST-1449,2021-12-11,Female,25,66453.32,772,Standard,79.1
CUST-1450,2021-12-11,Female,37,139745.43,672,Premium,77.3
CUST-1451,2021-12-11,Female,49,130781.64,665,Standard,80.3
CUST-1452,2021-12-11,Female,26,71596.79,614,Standard,81.4
CUST-1453,2021-12-11,Female,44,49395.72,618,Premium,83.4
CUST-1454,2021-12-11,Female,32,74829.28,663,Standard,82.1
CUST-1455,2022-07-24,Male,28,59804.47,708,Premium,83.8
CUST-1456,2022-07-24,Female,37,108718.58,749,Standard,81.6
CUST-1457,2022-07-24,Male,26,121588.19,620,Premium,83.4
CUST-1458,2022-07-24,Female,31,41227.62,792,Premium,83.8
CUST-1459,2022-07-24,Female,24,142843.59,660,Premium,84.9
CUST-1460,2022-07-24,Male,62,40134.43,678,Premium,82.5
CUST-1461,2022-07-24,Female,38,121864.98,624,Standard,80.7
CUST-1462,2022-07-24,Male,30,49207.49,498,Premium,81.9
CUST-1463,2022-04-04,Female,41,119162.22,746,Standard,80.0
CUST-1464,2022-04-04,Male,37,128921.37,735,Standard,80.9
CUST-1465,2022-04-04,Female,35,84520.32,659,Standard,78.2
CUST-1466,2022-04-04,Female,45,41213.69,685,Standard,79.9
CUST-1467,2022-04-04,Female,47,79560.48,719,Standard,77.4
CUST-1468,2022-04-04,Female,32,58608.71,563,Premium,78.5
CUST-1469,2022-04-04,Male,31,29446.14,640,Premium,79.8
CUST-1470,2022-04-04,Male,35,142413.78,740,Premium,79.8
CUST-1471,2022-04-04,Male,35,88734.66,586,Premium,79.6
CUST-1472,2022-04-04,Male,20,78643.21,702,Standard,80.1
CUST-1473,2022-04-04,Female,54,84385.77,578,Premium,79.0
CUST-1474,2022-04-04,Female,58,45392.57,715,Standard,77.0
CUST-1475,2022-04-04,Female,35,29362.45,677,Standard,73.1
CUST-1476,2022-04-04,Male,45,87151.41,559,Standard,73.8
CUST-1477,2021-11-20,Male,42,127668.92,767,Premium,70.6
CUST-1478,2021-11-20,Male,75,36759.23,625,Premium,70.8
CUST-1479,2021-11-20,Male,51,65514.16,619,Premium,70.3
CUST-1480,2021-11-20,Male,36,141506.97,695,Premium,71.7
CUST-1481,2021-11-20,Male,27,87310.73,766,Premium,71.1
CUST-1482,2021-11-20,Male,19,75183.41,604,Standard,70.4
CUST-1483,2021-11-20,Female,40,37223.18,685,Standard,71.9
CUST-1484,2021-11-20,Female,29,121747.57,712,Premium,72.5
CUST-1485,2021-11-20,Male,21,38298.32,732,Standard,73.2
CUST-1486,2021-11-20,Female,30,80306.97,693,Standard,74.1
CUST-1487,2021-11-20,Female,25,142738.48,652,VIP,71.0
CUST-1488,2021-11-06,Male,58,40009.27,618,Standard,72.5
CUST-1489,2021-11-06,Male,49,32192.34,686,Premium,72.5
CUST-1490,2021-11-06,Male,38,124631.32,600,Premium,71.7
CUST-1491,2021-02-16,Male,56,132142.98,461,VIP,71.3
CUST-1492,2021-02-16,Female,39,104587.73,713,VIP,71.2
CUST-1493,2021-02-16,Female,28,139191.55,748,Premium,70.9
CUST-1494,2021-02-16,Female,56,124561.39,503,VIP,71.6
CUST-1495,2021-04-16,Male,44,126785.14,604,Standard,74.4
CUST-1496,2021-04-16,Female,26,93537.65,726,Premium,76.6
CUST-1497,2021-04-16,Male,36,111848.99,834,Premium,74.0
CUST-1498,2021-04-16,Female,27,111761.88,682,Standard,74.0
CUST-1499,2021-07-08,Male,21,39400.13,625,Premium,77.9
CUST-1500,2021-07-08,Male,49,28257.04,666,VIP,78.6
CUST-1501,2021-04-27,Female,61,125096.41,783,Standard,80.8
CUST-1502,2021-04-27,Female,21,92079.8,632,VIP,84.9
CUST-1503,2021-04-27,Male,45,110145.24,620,VIP,84.9
CUST-1504,2022-10-07,Female,30,132934.62,644,Standard,87.4
CUST-1505,2022-10-07,Male,32,44432.55,609,Premium,89.5
CUST-1506,2022-10-07,Female,31,40514.5,689,Standard,89.5
CUST-1507,2022-10-07,Male,28,49942.58,802,Standard,89.8
CUST-1508,2022-10-07,Male,39,53223.97,704,Standard,89.1
CUST-1509,2022-10-07,Female,28,111864.19,661,Standard,92.3
CUST-1510,2022-10-07,Female,41,116586.47,658,Standard,90.6
CUST-1511,2022-10-07,Female,37,136415.3,563,Premium,93.7
CUST-1512,2022-10-07,Female,35,118340.99,746,Premium,94.7
CUST-1513,2022-10-07,Male,27,81514.38,674,Premium,91.9
CUST-1514,2022-10-07,Female,31,140771.01,666,Standard,92.6
CUST-1515,2022-10-07,Male,47,90052.63,681,Standard,88.4
CUST-1516,2022-10-07,Male,44,92727.48,702,Standard,89.7
CUST-1517,2022-10-07,Male,26,126141.48,624,Standard,91.4
CUST-1518,2022-10-07,Male,39,136151.39,648,Standard,90.3
CUST-1519,2022-10-07,Male,47,108942.67,766,Premium,90.5
CUST-1520,2023-09-11,Male,18,113467.88,688,Premium,94.4
CUST-1521,2023-09-11,Female,45,40115.81,572,Standard,93.4
CUST-1522,2023-09-11,Female,30,86980.88,749,Standard,91.3
CUST-1523,2021-09-28,Male,45,76983.78,630,Standard,94.2
CUST-1524,2021-09-28,Female,29,60010.72,820,VIP,98.2
CUST-1525,2021-09-28,Female,35,141547.52,761,Standard,98.2
CUST-1526,2021-09-28,Female,18,122161.23,646,Standard,100.0
CUST-1527,2021-09-28,Female,39,76291.22,776,Premium,100.0
CUST-1528,2021-09-28,Male,41,126639.71,685,Standard,98.5
CUST-1529,2021-09-28,Male,27,111289.3,744,VIP,97.5
CUST-1530,2021-09-28,Female,46,51504.02,716,Premium,100.0
CUST-1531,2021-09-28,Male,18,108333.52,617,Standard,100.0
CUST-1532,2021-09-28,Female,37,142816.25,632,Standard,100.0
CUST-1533,2021-09-28,Female,23,86955.53,757,Standard,98.2
CUST-1534,2021-09-28,Male,30,111111.27,655,Premium,100.0
CUST-1535,2021-09-28,Male,39,93786.78,650,VIP,98.9
CUST-1536,2021-09-28,Male,28,106886.49,608,VIP,98.3
CUST-1537,2022-03-12,Female,33,130664.84,712,Premium,99.0
CUST-1538,2022-03-12,Female,50,122571.66,835,VIP,100.0
CUST-1539,2022-03-12,Female,31,30956.84,600,Premium,100.0
CUST-1540,2022-03-12,Male,48,34208.6,682,Standard,100.0
CUST-1541,2022-03-12,Female,24,51388.58,786,Standard,100.0
CUST-1542,2021-03-15,Male,44,143073.29,674,Premium,100.0
CUST-1543,2021-03-15,Female,55,45132.12,714,Standard,100.0
CUST-1544,2021-03-15,Female,35,108799.6,600,Standard,94.9
CUST-1545,2021-03-15,Female,28,51868.11,712,Standard,94.3
CUST-1546,2022-03-26,Female,45,69965.85,666,Standard,94.8
CUST-1547,2022-03-26,Female,36,39990.16,754,Standard,92.5
CUST-1548,2022-03-26,Male,42,114862.29,769,Premium,93.3
CUST-1549,2022-03-26,Female,31,55798.67,681,Premium,92.9
CUST-1550,2022-03-26,Female,39,109073.52,723,Standard,96.4
CUST-1551,2022-03-26,Female,36,136398.72,704,VIP,99.5
CUST-1552,2022-03-26,Male,52,76738.25,695,Premium,98.6
CUST-1553,2022-03-26,Male,41,141002.49,654,Standard,98.3
CUST-1554,2022-03-26,Female,42,29516.93,705,Standard,98.2
CUST-1555,2022-03-26,Female,33,51761.21,658,Standard,97.3
CUST-1556,2021-01-27,Female,32,125108.07,693,Standard,97.7
CUST-1557,2021-01-27,Male,33,116347.6,779,Premium,97.7
CUST-1558,2022-08-25,Female,43,118809.17,605,VIP,93.9
CUST-1559,2022-08-25,Female,33,62418.79,765,Standard,95.1
CUST-1560,2022-08-14,Male,41,143064.04,779,Premium,95.1
CUST-1561,2022-08-14,Male,63,49876.26,671,Standard,94.8
CUST-1562,2022-08-14,Female,48,114004.3,521,VIP,96.6
CUST-1563,2022-08-14,Male,34,72132.19,634,Premium,95.3
CUST-1564,2022-08-14,Female,52,60656.13,777,Standard,95.8
CUST-1565,2022-08-14,Female,33,43217.78,678,Standard,97.4
CUST-1566,2022-08-14,Male,35,28660.48,605,Standard,97.4
CUST-1567,2023-09-20,Male,26,111033.65,642,Premium,98.3
CUST-1568,2023-09-20,Male,35,32673.05,743,Standard,97.3
CUST-1569,2023-09-20,Female,34,97835.0,721,Premium,96.9
CUST-1570,2021-11-25,Male,38,85394.46,662,Premium,96.5
CUST-1571,2021-11-25,Male,58,36527.05,652,Premium,95.0
CUST-1572,2021-11-25,Female,42,89471.22,651,Premium,95.0
CUST-1573,2021-11-25,Male,35,88910.94,611,Standard,91.5
CUST-1574,2021-11-25,Male,48,76663.96,801,Premium,90.5
CUST-1575,2021-11-25,Male,35,38757.63,656,Premium,90.0
CUST-1576,2021-11-25,Male,41,131357.42,771,VIP,89.4
CUST-1577,2021-11-25,Male,47,66734.78,794,Standard,89.0
CUST-1578,2021-11-25,Female,20,53558.1,755,Standard,88.8
CUST-1579,2021-11-25,Male,52,144605.84,648,Standard,89.8
CUST-1580,2021-11-25,Male,42,41422.47,710,VIP,91.5
CUST-1581,2023-04-25,Male,33,80143.07,678,Premium,90.2
CUST-1582,2023-04-25,Male,46,140190.93,612,Standard,87.8
CUST-1583,2023-04-25,Male,65,72620.6,704,Standard,85.8
CUST-1584,2023-04-25,Male,40,73147.48,592,Standard,84.8
CUST-1585,2023-04-25,Female,41,30890.57,769,Standard,84.1
CUST-1586,2023-04-25,Female,32,88174.16,645,Standard,82.5
CUST-1587,2023-04-25,Male,28,84956.15,695,Premium,79.9
CUST-1588,2023-02-18,Male,48,133098.95,701,Premium,79.0
CUST-1589,2023-02-18,Female,28,65476.59,661,Standard,79.4
CUST-1590,2023-02-18,Male,39,138940.78,724,Premium,80.6
CUST-1591,2023-02-18,Male,32,141680.57,644,Standard,79.5
CUST-1592,2023-02-18,Female,44,101351.17,745,Premium,78.6
CUST-1593,2021-05-05,Female,42,106429.21,579,Premium,76.8
CUST-1594,2021-05-05,Female,50,129199.25,689,Premium,76.7
CUST-1595,2021-05-05,Male,32,125772.81,825,Premium,75.0
CUST-1596,2021-05-05,Male,35,90917.24,605,Standard,76.2
CUST-1597,2021-05-05,Female,26,103647.66,629,Premium,72.6
CUST-1598,2021-05-05,Male,33,115386.23,719,Standard,71.9
CUST-1599,2022-02-22,Female,43,30779.09,693,Standard,72.5
CUST-1600,2021-08-19,Male,47,32432.7,706,Standard,72.9
CUST-1601,2022-04-18,Male,27,34349.36,717,Standard,78.2
CUST-1602,2022-04-18,Female,48,93295.85,728,Premium,78.9
CUST-1603,2022-04-18,Female,54,134585.43,763,Standard,76.9
CUST-1604,2022-04-18,Female,43,73399.81,711,Premium,76.7
CUST-1605,2022-04-18,Female,61,78663.93,662,Standard,73.2
CUST-1606,2022-04-18,Female,29,73571.72,730,Standard,73.0
CUST-1607,2022-04-18,Female,23,90575.62,822,Premium,71.4
CUST-1608,2022-04-18,Male,35,116447.39,670,Premium,73.2
CUST-1609,2022-04-18,Male,56,110003.2,607,VIP,72.1
CUST-1610,2022-04-18,Male,46,69850.92,763,Premium,72.1
CUST-1611,2023-06-04,Male,37,61910.88,671,Premium,70.6
CUST-1612,2023-06-04,Male,41,98968.2,517,Standard,74.1
CUST-1613,2023-06-04,Female,24,117537.09,744,Standard,73.4
CUST-1614,2021-10-01,Male,67,72625.39,640,Premium,77.1
CUST-1615,2021-10-01,Male,40,83456.56,673,Standard,78.7
CUST-1616,2021-10-01,Female,39,43956.63,705,Standard,79.7
CUST-1617,2021-10-01,Male,47,121222.14,694,Standard,80.4
CUST-1618,2021-10-01,Female,44,140335.71,733,Standard,81.2
CUST-1619,2021-10-01,Female,41,62872.61,647,Standard,77.4
CUST-1620,2021-10-01,Female,29,140014.82,718,VIP,76.8
CUST-1621,2021-10-01,Male,44,92762.33,661,Premium,78.5
CUST-1622,2021-10-01,Male,61,42418.51,735,Premium,78.4
CUST-1623,2021-10-01,Male,54,95008.08,726,Premium,75.6
CUST-1624,2021-10-01,Male,57,90846.79,610,Premium,75.5
CUST-1625,2021-10-01,Female,32,63648.86,761,Standard,78.9
CUST-1626,2021-10-01,Female,26,52773.22,640,Standard,81.4
CUST-1627,2021-10-01,Male,36,46831.66,741,Premium,81.3
CUST-1628,2021-10-01,Female,39,100175.54,708,Premium,83.2
CUST-1629,2021-10-01,Female,51,50736.17,818,Standard,82.4
CUST-1630,2021-10-01,Female,18,106504.42,663,Premium,79.0
CUST-1631,2021-10-01,Male,56,127612.36,654,Premium,77.2
CUST-1632,2021-10-01,Male,36,103426.92,679,Standard,80.3
CUST-1633,2022-05-23,Male,33,62006.36,657,Standard,79.7
CUST-1634,2022-05-23,Female,26,57330.45,740,Premium,79.3
CUST-1635,2022-05-23,Male,18,112893.94,559,Standard,78.7
CUST-1636,2021-12-06,Female,48,139330.17,601,Standard,78.7
CUST-1637,2021-12-06,Female,39,43001.17,600,Standard,78.7
CUST-1638,2021-12-06,Male,23,39705.27,751,Standard,90.2
CUST-1639,2021-12-06,Female,22,133313.88,808,VIP,89.8
CUST-1640,2021-12-06,Female,34,84845.76,672,VIP,90.4
CUST-1641,2021-12-06,Female,58,100112.06,667,Standard,87.4
CUST-1642,2021-12-06,Female,35,109134.6,685,Premium,90.3
CUST-1643,2021-12-06,Male,20,94169.58,767,Standard,88.0
CUST-1644,2021-12-06,Female,35,122500.87,610,Standard,88.4
CUST-1645,2021-12-06,Male,35,47730.82,698,Standard,88.4
CUST-1646,2022-10-28,Male,35,56802.49,753,Standard,85.1
CUST-1647,2022-10-28,Female,37,111327.3,718,Standard,83.4
CUST-1648,2022-10-28,Male,35,60371.54,694,Premium,82.2
CUST-1649,2022-10-28,Female,46,43713.78,755,Standard,81.1
CUST-1650,2022-10-28,Female,60,130712.64,477,Standard,80.0
CUST-1651,2022-10-28,Female,52,80106.88,731,Standard,81.7
CUST-1652,2022-10-28,Female,35,84975.65,631,VIP,81.7
CUST-1653,2022-10-28,Female,25,48565.11,543,Standard,79.9
CUST-1654,2022-10-28,Male,69,126489.78,718,Standard,82.3
CUST-1655,2021-08-21,Female,39,132281.75,783,Standard,81.3
CUST-1656,2022-03-21,Male,38,58798.45,670,Premium,79.9
CUST-1657,2023-02-18,Male,38,113108.77,751,Premium,79.4
CUST-1658,2023-02-18,Male,40,127401.71,801,Premium,81.8
CUST-1659,2023-02-18,Female,36,123079.16,779,Standard,82.2
CUST-1660,2023-07-15,Male,31,117996.43,803,Standard,81.1
CUST-1661,2023-07-15,Male,31,134037.52,736,Premium,82.1
CUST-1662,2023-03-27,Male,38,91585.91,686,Standard,79.9
CUST-1663,2023-03-27,Male,31,104507.25,560,Premium,81.2
CUST-1664,2023-03-27,Male,29,70800.78,662,Standard,82.0
CUST-1665,2023-03-27,Female,39,132298.19,617,Premium,81.4
CUST-1666,2023-03-27,Female,35,43664.11,843,Standard,79.8
CUST-1667,2023-03-27,Female,56,74423.86,667,Premium,78.0
CUST-1668,2023-03-27,Female,35,105533.38,689,Premium,79.0
CUST-1669,2023-03-27,Male,51,116593.11,721,Standard,81.5
CUST-1670,2023-03-27,Female,53,80207.79,683,Premium,80.2
CUST-1671,2023-03-27,Male,35,94263.8,807,Standard,81.1
CUST-1672,2023-03-27,Male,34,114102.62,633,Standard,77.0
CUST-1673,2023-03-27,Female,34,137883.51,695,Standard,77.0
CUST-1674,2023-03-27,Female,21,53601.84,624,Standard,75.7
CUST-1675,2023-03-27,Male,29,55114.74,581,Standard,73.9
CUST-1676,2022-11-14,Female,25,71223.92,634,Standard,72.1
CUST-1677,2022-11-14,Female,59,106224.52,677,Standard,70.7
CUST-1678,2022-11-14,Male,49,73406.89,648,Premium,71.3
CUST-1679,2022-11-14,Female,53,131141.58,628,Standard,70.9
CUST-1680,2021-06-11,Male,47,142729.0,575,Premium,66.4
CUST-1681,2021-06-11,Female,24,40077.33,674,Standard,62.2
CUST-1682,2021-06-11,Female,32,125680.06,567,Standard,61.0
CUST-1683,2021-06-11,Male,44,95699.88,737,Premium,61.9
CUST-1684,2021-06-11,Female,23,72069.17,686,Standard,56.4
CUST-1685,2021-06-11,Male,47,70739.72,571,Premium,55.4
CUST-1686,2021-06-11,Male,35,88449.56,657,VIP,54.4
CUST-1687,2021-06-11,Female,34,141802.87,624,Standard,57.1
CUST-1688,2021-06-11,Male,47,88415.5,704,Premium,56.4
CUST-1689,2021-06-11,Female,43,123616.7,781,Standard,57.1
CUST-1690,2021-06-11,Male,34,84962.8,539,VIP,57.4
CUST-1691,2021-06-11,Male,52,131799.12,689,Standard,57.4
CUST-1692,2021-06-11,Female,25,86714.93,668,Premium,54.7
CUST-1693,2021-10-09,Male,45,79468.15,730,Standard,55.1
CUST-1694,2022-08-03,Female,45,37019.32,696,Premium,56.1
CUST-1695,2022-08-03,Male,34,52747.5,624,Premium,64.0
CUST-1696,2022-08-03,Female,42,46410.81,656,Premium,59.8
CUST-1697,2022-08-03,Female,23,105349.83,620,Standard,63.3
CUST-1698,2022-08-03,Male,49,122907.2,761,Standard,62.7
CUST-1699,2022-08-03,Male,36,84337.45,682,Standard,63.3
CUST-1700,2022-08-03,Male,32,84045.48,823,Standard,63.3
CUST-1701,2022-08-03,Male,51,103729.33,675,Premium,62.3
CUST-1702,2022-08-03,Female,30,30626.19,627,Standard,61.2
CUST-1703,2022-10-06,Female,21,42962.56,566,Standard,61.9
CUST-1704,2023-07-15,Male,19,43762.71,545,Standard,58.8
CUST-1705,2023-07-15,Female,45,132223.33,561,Premium,60.3
CUST-1706,2023-07-15,Female,23,34541.7,700,Premium,59.5
CUST-1707,2023-07-15,Male,59,135926.28,718,Premium,59.5
CUST-1708,2023-07-15,Female,35,98124.83,561,Premium,56.3
CUST-1709,2023-07-15,Female,58,130785.55,747,Standard,58.8
CUST-1710,2023-07-15,Female,41,138828.7,644,Premium,57.8
CUST-1711,2023-07-15,Female,37,80556.79,691,Standard,58.5
CUST-1712,2023-07-15,Male,31,129474.38,801,Standard,57.0
CUST-1713,2023-07-15,Female,43,53665.57,747,Standard,58.5
CUST-1714,2023-07-15,Female,38,98298.13,660,Standard,59.9
CUST-1715,2023-07-15,Female,51,100915.77,613,Standard,63.6
CUST-1716,2023-07-15,Male,39,47623.44,519,Premium,63.3
CUST-1717,2023-07-15,Female,40,135915.18,626,Standard,64.6
CUST-1718,2023-07-15,Female,34,54888.21,664,Standard,64.8
CUST-1719,2023-04-04,Male,37,43468.94,606,Standard,67.4
CUST-1720,2022-04-25,Female,42,51674.78,670,Standard,65.9
CUST-1721,2022-04-25,Female,35,124702.16,686,Standard,67.4
CUST-1722,2022-04-25,Male,22,48758.4,663,Premium,67.0
CUST-1723,2022-04-25,Female,47,130697.06,631,Standard,66.9
CUST-1724,2022-01-10,Male,40,38903.23,693,Standard,67.1
CUST-1725,2022-01-10,Male,36,133532.22,713,Standard,67.6
CUST-1726,2022-01-10,Male,38,132945.37,598,Premium,67.4
CUST-1727,2022-07-04,Female,42,89079.17,786,Standard,67.8
CUST-1728,2022-07-04,Female,32,130354.44,673,Standard,71.0
CUST-1729,2022-07-04,Female,29,54849.89,681,Standard,72.9
CUST-1730,2022-07-04,Male,40,120378.0,733,Standard,74.7
CUST-1731,2022-07-04,Female,26,69010.58,697,Standard,73.8
CUST-1732,2022-07-04,Female,43,77782.26,751,Premium,72.0
CUST-1733,2022-04-28,Female,18,83825.52,702,Premium,73.9
CUST-1734,2022-04-28,Female,50,134479.99,634,Standard,75.6
CUST-1735,2022-04-28,Female,44,61142.2,707,Standard,78.6
CUST-1736,2021-08-15,Male,41,58163.18,594,Premium,77.4
CUST-1737,2021-08-15,Female,50,110970.41,688,Standard,76.9
CUST-1738,2021-08-15,Female,58,95624.5,678,Standard,73.6
CUST-1739,2021-08-15,Female,50,88812.14,664,Standard,73.6
CUST-1740,2021-08-15,Male,35,104581.9,670,Standard,74.9
CUST-1741,2021-02-16,Female,23,75834.87,539,Standard,73.9
CUST-1742,2021-02-16,Male,31,46109.09,639,Standard,75.2
CUST-1743,2021-04-29,Male,38,58572.44,687,Standard,74.8
CUST-1744,2021-04-29,Male,44,94066.42,692,Premium,75.5
CUST-1745,2021-04-29,Male,29,144040.44,603,Premium,73.2
CUST-1746,2021-04-29,Female,40,116331.71,775,Standard,73.3
CUST-1747,2021-04-29,Female,29,92596.28,615,Standard,67.4
CUST-1748,2021-04-29,Female,31,48910.19,753,Premium,67.0
CUST-1749,2021-04-29,Female,21,57691.98,712,Premium,63.7
CUST-1750,2021-04-29,Male,27,95585.18,632,Standard,66.1
CUST-1751,2022-11-02,Female,22,114086.54,813,Standard,67.7
CUST-1752,2022-11-02,Female,26,115494.26,590,Standard,68.6
CUST-1753,2022-11-02,Male,51,119623.78,749,Premium,71.7
CUST-1754,2022-11-02,Male,27,39732.6,755,Premium,69.8
CUST-1755,2022-11-02,Female,70,119971.49,630,Standard,73.3
CUST-1756,2022-11-02,Male,44,46806.35,784,Standard,75.1
CUST-1757,2022-11-02,Male,40,122111.22,661,Standard,74.7
CUST-1758,2022-11-02,Female,28,83185.23,702,Standard,76.9
CUST-1759,2022-11-02,Male,46,38312.46,700,Standard,74.7
CUST-1760,2022-11-02,Female,31,53947.12,670,Standard,73.1
CUST-1761,2022-11-02,Male,39,99256.38,741,Standard,71.8
CUST-1762,2022-11-02,Male,69,136890.14,740,Premium,70.8
CUST-1763,2023-09-19,Male,37,99833.97,549,Standard,68.7
CUST-1764,2023-09-19,Male,52,111257.88,778,VIP,68.7
CUST-1765,2023-09-19,Male,30,138648.76,555,Standard,70.6
CUST-1766,2023-09-19,Female,38,102914.08,757,Premium,71.3
CUST-1767,2023-09-22,Male,59,29253.12,765,Premium,70.2
CUST-1768,2023-09-22,Male,30,50785.34,598,Standard,66.5
CUST-1769,2023-09-22,Male,60,99977.23,649,Standard,67.1
CUST-1770,2023-09-22,Male,46,70089.58,597,Premium,63.2
CUST-1771,2021-07-30,Female,31,142150.57,664,VIP,63.1
CUST-1772,2021-07-30,Male,46,144627.61,657,Premium,60.4
CUST-1773,2021-07-30,Female,50,69315.94,738,Standard,64.3
CUST-1774,2021-07-30,Male,45,75437.76,778,Standard,66.2
CUST-1775,2021-07-30,Male,19,88575.9,785,Standard,66.4
CUST-1776,2021-07-30,Male,29,135543.76,638,Premium,68.9
CUST-1777,2021-07-30,Female,35,112958.23,664,Standard,67.2
CUST-1778,2021-07-30,Female,37,68654.59,554,VIP,68.3
CUST-1779,2021-07-30,Male,45,54476.58,620,Standard,68.3
CUST-1780,2021-07-30,Male,40,81206.8,752,Standard,69.2
CUST-1781,2021-04-23,Female,22,95264.09,801,Standard,71.8
CUST-1782,2021-05-15,Female,43,48479.07,587,Standard,73.2
CUST-1783,2021-05-15,Female,45,93359.79,636,Standard,73.8
CUST-1784,2021-05-15,Female,45,67776.01,678,Standard,70.5
CUST-1785,2021-05-15,Male,51,121944.24,701,Standard,68.6
CUST-1786,2021-09-29,Male,48,130505.23,619,Premium,68.3
CUST-1787,2021-09-29,Female,44,109220.45,712,Premium,68.3
CUST-1788,2022-06-23,Female,37,93890.73,644,Standard,66.3
CUST-1789,2023-02-03,Female,18,116624.37,679,VIP,71.1
CUST-1790,2023-02-03,Female,43,107746.58,721,Premium,74.1
CUST-1791,2023-02-03,Male,40,84390.51,680,VIP,75.3
CUST-1792,2023-02-03,Female,41,35903.85,647,Standard,75.5
CUST-1793,2023-02-03,Female,23,107198.82,672,Standard,75.0
CUST-1794,2023-02-03,Male,25,121618.88,673,Standard,73.1
CUST-1795,2023-02-03,Male,51,139787.15,652,Premium,73.3
CUST-1796,2023-02-03,Male,38,109995.77,661,Standard,73.8
CUST-1797,2023-02-03,Male,46,57046.14,800,Standard,71.3
CUST-1798,2022-10-21,Male,38,74674.88,722,Premium,72.0
CUST-1799,2022-10-21,Male,38,36895.37,658,Standard,71.7
CUST-1800,2022-10-21,Male,49,83756.99,732,VIP,67.9
CUST-1801,2022-03-13,Female,32,53572.24,655,VIP,66.1
CUST-1802,2022-03-13,Male,39,49385.78,768,Standard,65.3
CUST-1803,2021-03-17,Female,32,86382.92,708,Premium,69.1
CUST-1804,2021-03-17,Female,33,55478.78,672,Standard,70.2
CUST-1805,2021-06-01,Female,34,130110.87,714,Standard,67.5
CUST-1806,2021-06-01,Female,41,54817.28,562,Premium,68.5
CUST-1807,2021-06-01,Male,32,125851.16,595,Standard,68.5
CUST-1808,2021-06-01,Male,53,46251.48,590,Standard,67.6
CUST-1809,2021-06-01,Male,27,42025.78,691,VIP,66.6
CUST-1810,2021-06-01,Male,36,107070.02,810,Premium,66.5
CUST-1811,2021-06-01,Female,33,99817.76,847,Standard,69.1
CUST-1812,2021-06-01,Male,55,127217.24,728,Premium,66.5
CUST-1813,2021-04-12,Female,40,100618.09,718,Standard,63.7
CUST-1814,2021-04-12,Male,50,133080.18,545,Premium,62.6
CUST-1815,2021-04-12,Male,20,85424.23,639,VIP,64.6
CUST-1816,2021-04-12,Female,41,74551.9,621,Premium,61.6
CUST-1817,2021-04-12,Female,49,34335.34,633,Standard,55.9
CUST-1818,2021-04-12,Female,39,83963.45,667,Premium,55.0
CUST-1819,2021-04-12,Male,51,86789.6,645,Premium,56.1
CUST-1820,2021-04-12,Female,32,128666.82,532,Standard,58.5
CUST-1821,2023-01-18,Female,55,81491.94,736,Premium,57.6
CUST-1822,2023-01-18,Male,66,109694.61,600,Standard,56.8
CUST-1823,2023-01-18,Male,34,64931.2,698,Premium,59.1
CUST-1824,2023-01-18,Male,33,29382.94,836,Premium,55.4
CUST-1825,2023-01-18,Male,55,72393.08,611,Standard,54.6
CUST-1826,2021-03-10,Female,57,66076.04,490,Standard,55.0
CUST-1827,2023-05-02,Female,32,49896.84,659,Standard,55.9
CUST-1828,2023-05-02,Female,33,55745.28,763,Premium,54.8
CUST-1829,2023-05-02,Female,35,140147.64,827,Premium,54.9
CUST-1830,2023-05-02,Male,22,70813.13,588,Standard,49.9
CUST-1831,2022-07-24,Male,27,77601.32,717,Standard,48.6
CUST-1832,2022-07-24,Female,26,109983.38,645,Premium,49.5
CUST-1833,2022-07-24,Male,29,70714.12,672,Standard,47.6
CUST-1834,2022-11-18,Female,38,60716.66,681,Standard,47.7
CUST-1835,2022-11-18,Male,41,94854.94,567,VIP,48.6
CUST-1836,2022-11-18,Female,57,123260.31,699,Standard,47.9
CUST-1837,2023-06-08,Male,26,122078.25,715,Standard,48.2
CUST-1838,2023-06-08,Female,50,128188.12,761,Standard,46.3
CUST-1839,2023-06-08,Male,35,45063.72,687,Standard,45.9
CUST-1840,2021-12-27,Female,37,83339.48,703,Standard,47.1
CUST-1841,2021-12-27,Female,46,48663.05,651,Premium,47.4
CUST-1842,2021-12-27,Male,25,43733.19,700,Standard,46.3
CUST-1843,2021-12-27,Female,43,119883.95,654,Standard,46.7
CUST-1844,2021-08-18,Female,40,57363.96,727,Standard,48.1
CUST-1845,2021-08-18,Male,44,74613.02,652,Standard,44.0
CUST-1846,2022-01-12,Female,41,35024.26,708,Premium,46.4
CUST-1847,2022-01-12,Female,67,83755.11,678,Standard,45.7
CUST-1848,2022-01-12,Female,30,80633.01,764,Premium,46.5
CUST-1849,2022-01-12,Male,32,58392.99,676,Premium,48.9
CUST-1850,2022-01-12,Male,31,93560.95,547,Standard,46.2
CUST-1851,2022-01-12,Male,31,68264.41,775,Standard,44.8
CUST-1852,2022-01-12,Male,30,42184.79,612,VIP,44.2
CUST-1853,2022-01-12,Male,52,95491.89,631,Standard,42.6
CUST-1854,2022-01-12,Male,55,142586.66,635,Standard,46.1
CUST-1855,2022-01-12,Male,31,69547.76,783,VIP,44.4
CUST-1856,2022-01-12,Female,28,118645.09,520,Premium,43.3
CUST-1857,2022-01-12,Female,44,132087.0,681,Premium,43.7
CUST-1858,2021-12-26,Female,31,99798.66,759,Standard,41.3
CUST-1859,2021-12-26,Female,46,101910.33,697,Premium,40.5
CUST-1860,2021-12-26,Female,40,129586.15,676,Premium,41.1
CUST-1861,2021-12-26,Male,20,77352.53,701,Standard,40.4
CUST-1862,2023-01-29,Male,57,127321.39,719,Standard,40.3
CUST-1863,2023-01-29,Female,60,37256.1,728,Standard,39.2
CUST-1864,2023-01-29,Female,31,54701.5,722,Standard,39.2
CUST-1865,2023-01-29,Female,33,104402.53,687,Standard,36.8
CUST-1866,2023-01-29,Female,41,98830.04,665,Standard,40.3
CUST-1867,2023-01-29,Female,42,59736.03,669,Standard,40.4
CUST-1868,2023-01-29,Male,46,119373.96,665,Premium,40.8
CUST-1869,2023-01-29,Male,62,115503.77,765,Premium,40.8
CUST-1870,2022-09-03,Female,36,76436.72,725,Premium,39.7
CUST-1871,2023-06-24,Male,28,127942.79,459,Premium,43.1
CUST-1872,2023-06-24,Female,21,113149.37,729,Standard,43.5
CUST-1873,2023-06-24,Female,29,138031.17,695,Premium,46.7
CUST-1874,2021-02-20,Female,38,52636.86,679,Standard,45.3
CUST-1875,2021-02-20,Female,60,40052.09,651,Standard,48.9
CUST-1876,2021-02-20,Female,32,137604.86,764,Premium,50.5
CUST-1877,2021-02-20,Male,41,92166.75,751,Standard,51.6
CUST-1878,2021-02-20,Female,38,118199.24,622,Standard,52.0
CUST-1879,2021-02-20,Male,52,40159.62,711,Standard,51.5
CUST-1880,2021-02-20,Male,68,37864.42,607,Premium,53.9
CUST-1881,2021-02-20,Male,32,64196.37,577,VIP,54.2
CUST-1882,2022-03-17,Female,32,114298.41,633,Standard,50.3
CUST-1883,2022-03-17,Female,51,101298.24,745,Standard,48.0
CUST-1884,2022-03-17,Female,46,89628.85,751,Standard,47.7
CUST-1885,2022-03-17,Male,60,31342.84,718,Premium,48.3
CUST-1886,2022-03-17,Male,45,128663.15,734,Standard,48.3
CUST-1887,2022-03-17,Male,34,129116.21,719,Standard,50.6
CUST-1888,2021-02-26,Female,45,142072.84,632,Standard,50.6
CUST-1889,2021-02-26,Female,51,92179.8,712,Standard,47.0
CUST-1890,2021-02-26,Male,48,141436.44,740,Premium,43.4
CUST-1891,2021-02-26,Female,44,97127.22,737,VIP,44.9
CUST-1892,2021-02-26,Female,51,101832.56,769,Standard,44.7
CUST-1893,2021-02-26,Male,52,89244.8,733,Standard,45.5
CUST-1894,2021-05-03,Female,55,134344.01,706,VIP,43.8
CUST-1895,2021-05-03,Male,46,91141.17,760,Standard,46.4
CUST-1896,2021-05-03,Female,36,79697.66,678,Standard,48.4
CUST-1897,2021-05-03,Female,40,76227.85,614,Standard,49.6
CUST-1898,2021-05-03,Male,52,63518.03,668,Standard,49.4
CUST-1899,2021-05-03,Male,28,89228.0,624,Premium,50.5
CUST-1900,2021-05-03,Female,42,68234.54,629,VIP,49.1
CUST-1901,2021-05-03,Female,33,90606.57,669,Standard,50.8
CUST-1902,2023-06-02,Male,38,138794.03,621,Standard,54.1
CUST-1903,2022-03-23,Male,53,63054.43,657,Standard,56.3
CUST-1904,2022-04-16,Female,40,121361.88,538,Standard,54.8
CUST-1905,2022-04-16,Male,39,121221.78,696,Standard,55.5
CUST-1906,2022-04-16,Male,22,50062.8,680,Standard,52.9
CUST-1907,2022-04-16,Male,47,74185.99,619,Standard,54.1
CUST-1908,2022-04-16,Female,46,111647.74,729,Standard,54.1
CUST-1909,2021-10-24,Male,64,124925.94,750,Standard,51.2
CUST-1910,2022-02-19,Male,34,58768.69,559,Standard,48.9
CUST-1911,2022-02-19,Male,41,101162.79,623,Premium,48.3
CUST-1912,2022-02-19,Female,41,61307.19,622,Standard,47.7
CUST-1913,2022-02-19,Female,57,76309.75,610,Premium,45.3
CUST-1914,2022-02-19,Female,37,49341.64,742,VIP,46.1
CUST-1915,2023-05-15,Female,41,40911.69,665,Standard,46.6
CUST-1916,2023-05-15,Female,45,100274.34,660,Standard,46.2
CUST-1917,2023-05-15,Male,40,109955.29,530,Standard,44.7
CUST-1918,2022-06-21,Male,33,49971.36,728,Standard,46.8
CUST-1919,2022-06-21,Male,40,45801.47,587,Standard,50.1
CUST-1920,2022-06-21,Female,51,49754.7,684,Standard,49.1
CUST-1921,2022-06-21,Female,26,61007.4,701,VIP,47.9
CUST-1922,2022-06-21,Male,40,111677.93,782,Standard,48.9
CUST-1923,2022-06-21,Female,30,55238.83,582,Premium,48.2
CUST-1924,2022-10-11,Male,52,29722.81,454,Standard,48.2
CUST-1925,2022-10-11,Female,20,68003.8,694,Standard,49.4
CUST-1926,2022-10-11,Female,31,119929.86,815,Standard,45.6
CUST-1927,2022-10-11,Male,43,144761.72,773,Premium,48.2
CUST-1928,2021-08-30,Male,57,109541.37,696,Standard,48.4
CUST-1929,2021-08-30,Male,37,66639.09,643,Standard,47.5
CUST-1930,2021-08-30,Male,31,34556.49,741,Standard,47.4
CUST-1931,2021-08-30,Male,61,36352.01,607,Standard,47.3
CUST-1932,2023-02-18,Female,21,49247.64,716,Standard,43.8
CUST-1933,2023-02-18,Female,35,123618.33,718,Standard,46.8
CUST-1934,2023-02-18,Female,43,42269.5,760,Standard,46.9
CUST-1935,2023-02-18,Female,32,73021.35,681,Standard,47.8
CUST-1936,2023-02-18,Female,26,56917.98,709,Premium,49.7
CUST-1937,2023-02-18,Male,47,51304.05,642,Standard,47.6
CUST-1938,2023-02-18,Male,41,88973.28,678,Standard,48.6
CUST-1939,2023-02-18,Male,31,83320.59,547,Standard,48.6
CUST-1940,2023-02-18,Female,23,137537.18,628,Standard,49.7
CUST-1941,2023-02-18,Female,48,101612.22,649,Premium,45.5
CUST-1942,2023-02-18,Female,46,115132.78,641,Standard,45.3
CUST-1943,2022-08-29,Male,37,57637.59,691,Standard,44.1
CUST-1944,2022-08-29,Male,60,51250.66,618,Standard,44.9
CUST-1945,2022-08-29,Male,25,129047.95,764,Premium,45.9
CUST-1946,2022-08-29,Male,20,141873.07,680,VIP,44.5
CUST-1947,2021-02-08,Male,30,102050.35,679,VIP,43.0
CUST-1948,2021-02-08,Male,37,29762.92,655,Premium,43.0
CUST-1949,2021-03-20,Male,41,96409.53,692,Premium,41.0
CUST-1950,2021-03-20,Female,35,120329.82,742,Standard,42.7
CUST-1951,2021-03-20,Female,42,141353.69,615,Standard,42.0
CUST-1952,2021-03-20,Female,23,108543.57,631,Standard,36.2
CUST-1953,2022-07-22,Female,55,71453.64,657,VIP,35.4
CUST-1954,2022-07-22,Female,37,57100.5,579,Standard,33.3
CUST-1955,2022-07-22,Male,51,38693.98,619,Standard,30.1
CUST-1956,2022-07-22,Male,42,136909.31,644,Standard,27.6
CUST-1957,2022-07-22,Male,43,34993.69,746,Standard,27.8
CUST-1958,2021-06-04,Male,45,110055.39,700,Standard,30.5
CUST-1959,2022-04-07,Male,43,42721.81,695,VIP,31.1
CUST-1960,2022-04-07,Male,46,65058.53,744,Standard,29.9
CUST-1961,2023-01-02,Female,54,122246.47,670,Standard,30.8
CUST-1962,2023-01-02,Female,40,113783.09,709,Standard,29.9
CUST-1963,2023-01-02,Male,47,108642.25,672,VIP,28.5
CUST-1964,2023-01-02,Female,37,112754.7,700,VIP,26.2
CUST-1965,2023-01-02,Female,55,133143.58,636,VIP,22.7
CUST-1966,2023-01-02,Female,30,110675.24,497,VIP,21.9
CUST-1967,2023-01-02,Female,60,91499.89,670,Standard,22.2
CUST-1968,2023-01-02,Male,38,50203.77,787,Standard,22.0
CUST-1969,2023-01-02,Male,21,91603.6,749,Standard,21.2
CUST-1970,2023-01-02,Male,40,113691.08,752,Premium,19.3
CUST-1971,2023-01-02,Male,30,129516.44,773,Standard,20.5
CUST-1972,2023-01-02,Female,48,36058.56,687,Standard,17.9
CUST-1973,2023-01-02,Female,30,80577.95,695,Standard,19.4
CUST-1974,2023-01-02,Female,33,91367.9,634,Premium,17.4
CUST-1975,2023-01-02,Female,35,28084.22,656,Premium,15.9
CUST-1976,2023-01-02,Female,33,113837.96,726,Standard,13.0
CUST-1977,2023-01-02,Male,35,100508.95,770,Standard,12.0
CUST-1978,2023-01-02,Male,19,118793.94,670,Standard,13.9
CUST-1979,2021-12-08,Female,47,65521.21,646,Premium,15.0
CUST-1980,2021-12-08,Female,47,105019.86,680,Premium,16.9
CUST-1981,2021-12-08,Male,43,50214.73,725,Standard,18.0
CUST-1982,2021-12-08,Female,26,117590.89,572,Standard,15.8
CUST-1983,2021-12-08,Female,37,99725.59,508,Standard,15.1
CUST-1984,2022-12-27,Male,38,75947.13,639,Standard,13.5
CUST-1985,2022-12-27,Male,24,40924.3,588,Standard,16.2
CUST-1986,2022-12-27,Female,56,33121.94,642,Standard,13.8
CUST-1987,2022-12-27,Female,49,48900.74,669,Premium,15.6
CUST-1988,2022-12-27,Male,35,51643.25,646,Standard,17.4
CUST-1989,2022-12-27,Male,38,50419.15,789,Standard,21.0
CUST-1990,2022-12-27,Male,41,94808.43,705,Premium,20.2
CUST-1991,2022-12-27,Male,35,104976.79,703,Premium,21.6
CUST-1992,2022-12-27,Female,35,33743.02,727,Standard,26.2
CUST-1993,2022-12-27,Female,30,98896.57,595,Standard,25.0
CUST-1994,2022-12-27,Female,26,29531.07,758,Standard,21.9
CUST-1995,2022-12-27,Female,35,104722.68,674,Premium,18.1
CUST-1996,2022-12-27,Female,60,82762.92,730,Standard,19.6
CUST-1997,2022-12-27,Female,46,70228.35,600,VIP,15.8
CUST-1998,2023-05-15,Male,31,124177.1,563,Premium,15.1
CUST-1999,2023-05-15,Female,45,124366.23,741,Premium,15.9
CUST-2000,2023-05-15,Female,55,89895.44,708,Standard,16.3
CUST-2001,2023-05-15,Female,49,125631.41,612,Premium,17.2
CUST-2002,2023-05-15,Female,39,138518.61,615,Standard,17.6
CUST-2003,2023-05-15,Female,30,39843.34,764,Premium,20.2
CUST-2004,2023-05-15,Male,46,90204.34,591,Standard,18.3
CUST-2005,2023-05-15,Male,43,50594.98,803,Standard,16.9
CUST-2006,2023-05-15,Male,49,94693.24,612,Premium,15.4
CUST-2007,2023-05-15,Female,46,93335.55,728,Premium,17.0
CUST-2008,2023-05-15,Female,51,115294.68,655,Premium,18.8
CUST-2009,2023-05-15,Male,32,106915.63,725,Premium,19.7
CUST-2010,2023-05-15,Female,54,131290.41,639,Standard,22.1
CUST-2011,2023-05-15,Male,40,120718.01,668,Premium,19.7
CUST-2012,2023-05-15,Male,63,87049.06,683,Premium,23.1
CUST-2013,2023-05-15,Female,30,90466.36,605,Standard,26.1
CUST-2014,2023-05-15,Male,59,137221.84,736,VIP,27.6
CUST-2015,2023-05-15,Female,40,92359.52,642,Standard,27.6
CUST-2016,2023-05-15,Male,30,126847.92,663,VIP,27.8
CUST-2017,2023-05-15,Female,32,117409.57,605,Standard,26.8
CUST-2018,2023-05-15,Male,34,124660.13,488,Standard,25.3
CUST-2019,2023-05-15,Female,43,99184.36,666,Standard,26.8
CUST-2020,2023-05-15,Female,44,71882.38,681,Standard,24.7
CUST-2021,2023-05-15,Female,31,70121.0,739,Standard,26.2
CUST-2022,2023-05-15,Female,38,80357.48,679,Standard,28.9
CUST-2023,2023-05-15,Male,64,28022.89,660,Premium,30.3
CUST-2024,2023-05-15,Female,59,143005.91,682,Premium,30.9
CUST-2025,2023-05-15,Female,43,88560.29,721,Premium,28.9
CUST-2026,2023-05-15,Female,38,28768.55,591,Premium,27.2
CUST-2027,2023-05-15,Female,39,53134.27,764,Standard,29.7
CUST-2028,2023-05-15,Female,45,30539.06,734,Standard,31.3
CUST-2029,2022-07-22,Female,26,135536.11,734,Standard,31.2
CUST-2030,2022-07-22,Female,35,39031.59,713,Premium,30.3
CUST-2031,2023-05-22,Male,18,69611.72,681,Premium,26.3
CUST-2032,2021-10-19,Female,43,59003.62,730,Premium,24.1
CUST-2033,2021-10-19,Male,46,55260.32,724,VIP,28.0
CUST-2034,2021-10-19,Female,32,38752.9,653,Premium,25.4
CUST-2035,2021-10-19,Female,57,94580.6,637,Premium,25.8
CUST-2036,2021-10-19,Female,23,113909.12,688,Premium,27.8
CUST-2037,2021-10-19,Female,20,120769.79,796,Standard,25.3
CUST-2038,2021-10-19,Female,41,85128.34,587,VIP,25.7
CUST-2039,2021-10-19,Male,51,97642.05,570,Standard,27.5
CUST-2040,2023-08-11,Female,58,32372.48,692,Standard,27.6
CUST-2041,2022-03-01,Male,32,37181.86,684,Standard,33.3
CUST-2042,2022-03-01,Male,51,135858.97,693,Standard,30.0
CUST-2043,2022-03-01,Male,38,68707.83,698,Standard,30.0
CUST-2044,2022-01-31,Female,36,76733.04,663,Standard,31.7
CUST-2045,2022-01-31,Female,49,129765.02,792,Premium,33.3
CUST-2046,2022-01-31,Male,46,115478.4,560,Standard,34.2
CUST-2047,2023-08-12,Male,19,102164.79,618,Standard,32.7
CUST-2048,2023-08-12,Male,56,34332.97,672,Premium,33.2
CUST-2049,2023-08-12,Male,55,65360.04,557,VIP,29.4
CUST-2050,2021-05-21,Female,30,66239.3,667,Standard,30.6
CUST-2051,2021-05-21,Male,43,45924.11,805,Standard,31.2
CUST-2052,2021-05-21,Male,44,141611.71,682,Premium,32.5
CUST-2053,2021-05-21,Female,41,53984.02,697,Premium,34.6
CUST-2054,2021-05-21,Female,31,120005.09,585,Standard,35.4
CUST-2055,2021-01-06,Male,30,43466.12,634,VIP,35.7
CUST-2056,2021-01-06,Male,38,83674.99,652,Standard,33.9
CUST-2057,2021-01-06,Female,52,92133.83,656,VIP,32.5
CUST-2058,2021-01-06,Female,45,37954.24,776,Standard,34.9
CUST-2059,2021-01-06,Male,34,118537.54,722,Standard,37.7
CUST-2060,2021-01-06,Female,47,117157.85,597,Standard,37.3
CUST-2061,2021-01-06,Female,35,93437.65,698,VIP,37.3
CUST-2062,2021-05-05,Female,52,74252.3,717,Standard,35.5
CUST-2063,2021-05-05,Male,35,93656.61,766,Standard,37.9
CUST-2064,2021-05-05,Female,34,56350.87,799,Standard,39.2
CUST-2065,2022-04-14,Female,25,118882.31,604,Standard,43.1
CUST-2066,2022-04-14,Female,22,108114.34,619,Standard,41.3
CUST-2067,2022-04-14,Female,52,41165.99,586,Standard,40.6
CUST-2068,2022-04-14,Male,32,77554.25,662,VIP,41.0
CUST-2069,2022-04-14,Female,42,50287.3,715,Standard,42.3
CUST-2070,2022-04-14,Female,37,97483.63,754,Standard,41.9
CUST-2071,2022-04-14,Female,44,118052.71,674,Premium,40.2
CUST-2072,2022-04-14,Female,39,143555.27,656,VIP,41.9
CUST-2073,2022-04-14,Female,23,100912.31,691,Standard,43.4
CUST-2074,2022-04-14,Male,50,33250.67,617,Standard,43.4
CUST-2075,2021-07-11,Female,32,51363.17,837,Premium,44.2
CUST-2076,2021-07-11,Female,19,46250.97,559,Standard,46.6
CUST-2077,2021-07-11,Female,33,41147.49,694,Standard,46.9
CUST-2078,2021-07-11,Male,56,56436.65,832,Standard,47.0
CUST-2079,2021-07-11,Male,48,129644.03,681,Premium,48.1
CUST-2080,2022-07-22,Female,34,29606.8,666,Premium,46.4
CUST-2081,2022-07-22,Male,34,63698.81,653,Standard,46.5
CUST-2082,2022-07-22,Female,34,30661.53,666,Standard,42.1
CUST-2083,2022-07-22,Female,63,114581.52,783,Premium,43.9
CUST-2084,2023-02-05,Female,43,51844.76,514,Premium,40.8
CUST-2085,2022-01-01,Female,43,92209.61,795,Premium,43.8
CUST-2086,2022-01-01,Male,50,109323.32,573,Standard,43.1
CUST-2087,2023-01-21,Female,41,72062.98,660,Premium,42.7
CUST-2088,2023-01-21,Female,35,57888.39,648,Standard,41.4
CUST-2089,2023-01-21,Male,36,61229.58,724,Standard,40.9
CUST-2090,2021-05-17,Female,37,34210.97,560,Standard,43.7
CUST-2091,2021-05-17,Male,38,35791.94,715,Premium,38.7
CUST-2092,2021-05-17,Male,47,105568.85,832,VIP,41.3
CUST-2093,2021-05-17,Female,39,129121.03,578,Standard,42.0
CUST-2094,2021-05-17,Male,47,62221.98,694,Premium,39.5
CUST-2095,2021-05-17,Female,37,55046.73,630,Standard,37.4
CUST-2096,2021-05-17,Female,39,87499.22,712,Standard,40.8
CUST-2097,2021-05-17,Female,35,133753.03,681,Standard,38.9
CUST-2098,2021-05-17,Male,49,129412.41,632,Premium,36.6
CUST-2099,2021-07-26,Female,42,49810.83,717,Standard,38.8
